Answers for the world queries go here:

For example:
---------------------------------------------------------------------------------------------------------------
1. What are the names of all the cities in the Netherlands?

SELECT city.Name FROM city JOIN country ON city.CountryCode = country.Code WHERE country.Name = 'Netherlands';
+-------------------+
| Name              |
+-------------------+
| Amsterdam         |
| Rotterdam         |
| Haag              |
| Utrecht           |
| Eindhoven         |
| Tilburg           |
| Groningen         |
| Breda             |
| Apeldoorn         |
| Nijmegen          |
| Enschede          |
| Haarlem           |
| Almere            |
| Arnhem            |
| Zaanstad          |
| ´s-Hertogenbosch  |
| Amersfoort        |
| Maastricht        |
| Dordrecht         |
| Leiden            |
| Haarlemmermeer    |
| Zoetermeer        |
| Emmen             |
| Zwolle            |
| Ede               |
| Delft             |
| Heerlen           |
| Alkmaar           |
+-------------------+
28 rows in set (0.00 sec)

---------------------------------------------------------------------------------------------------------------
2. What is the population of Rotterdam ?

mysql> SELECT city.population FROM city WHERE city.name = 'Rotterdam';
+------------+
| population |
+------------+
|     593321 |
+------------+
1 row in set (0.01 sec)

---------------------------------------------------------------------------------------------------------------
3. What's the name of all the countries on the continent ‘North America’ ?

mysql> SELECT name FROM country WHERE continent = 'North America';
+----------------------------------+
| name                             |
+----------------------------------+
| Aruba                            |
| Anguilla                         |
| Netherlands Antilles             |
| Antigua and Barbuda              |
| Bahamas                          |
| Belize                           |
| Bermuda                          |
| Barbados                         |
| Canada                           |
| Costa Rica                       |
| Cuba                             |
| Cayman Islands                   |
| Dominica                         |
| Dominican Republic               |
| Guadeloupe                       |
| Grenada                          |
| Greenland                        |
| Guatemala                        |
| Honduras                         |
| Haiti                            |
| Jamaica                          |
| Saint Kitts and Nevis            |
| Saint Lucia                      |
| Mexico                           |
| Montserrat                       |
| Martinique                       |
| Nicaragua                        |
| Panama                           |
| Puerto Rico                      |
| El Salvador                      |
| Saint Pierre and Miquelon        |
| Turks and Caicos Islands         |
| Trinidad and Tobago              |
| United States                    |
| Saint Vincent and the Grenadines |
| Virgin Islands, British          |
| Virgin Islands, U.S.             |
+----------------------------------+
37 rows in set (0.00 sec)

4. What's the top 10 countries by SurfaceArea ?

mysql> SELECT name, surfacearea FROM country ORDER BY surfacearea DESC LIMIT 10;
+--------------------+-------------+
| name               | surfacearea |
+--------------------+-------------+
| Russian Federation | 17075400.00 |
| Antarctica         | 13120000.00 |
| Canada             |  9970610.00 |
| China              |  9572900.00 |
| United States      |  9363520.00 |
| Brazil             |  8547403.00 |
| Australia          |  7741220.00 |
| India              |  3287263.00 |
| Argentina          |  2780400.00 |
| Kazakstan          |  2724900.00 |
+--------------------+-------------+
10 rows in set (0.00 sec)

---------------------------------------------------------------------------------------------------------------
5. What's the top 10 most populated cities?

mysql> SELECT name, population, countrycode FROM city ORDER BY population DESC LIMIT 10;
+-------------------+------------+-------------+
| name              | population | countrycode |
+-------------------+------------+-------------+
| Mumbai (Bombay)   |   10500000 | IND         |
| Seoul             |    9981619 | KOR         |
| São Paulo         |    9968485 | BRA         |
| Shanghai          |    9696300 | CHN         |
| Jakarta           |    9604900 | IDN         |
| Karachi           |    9269265 | PAK         |
| Istanbul          |    8787958 | TUR         |
| Ciudad de México  |    8591309 | MEX         |
| Moscow            |    8389200 | RUS         |
| New York          |    8008278 | USA         |
+-------------------+------------+-------------+
10 rows in set (0.01 sec)

---------------------------------------------------------------------------------------------------------------
6. Select the top 3 countries by population that their names start with the letter ‘P’

mysql> SELECT name, population FROM country WHERE name LIKE 'P%' ORDER BY population DESC LIMIT 3;
+-------------+------------+
| name        | population |
+-------------+------------+
| Pakistan    |  156483000 |
| Philippines |   75967000 |
| Poland      |   38653600 |
+-------------+------------+
3 rows in set (0.00 sec)

---------------------------------------------------------------------------------------------------------------
7. What is the population in Asia?

mysql> SELECT continent, SUM(population) FROM country WHERE continent IN ('Asia');
+-----------+-----------------+
| continent | SUM(population) |
+-----------+-----------------+
| Asia      |      3705025700 |
+-----------+-----------------+
1 row in set (0.01 sec)

---------------------------------------------------------------------------------------------------------------
8. Which languages are spoken in the Region of ‘South America’?

mysql> SELECT DISTINCT language FROM countrylanguage
  -> JOIN country ON countrylanguage.countrycode = country.code
  -> WHERE region = 'South America';
+------------------+
| language         |
+------------------+
| Indian Languages |
| Italian          |
| Spanish          |
| Aimará           |
| Guaraní          |
| Ketšua           |
| German           |
| Japanese         |
| Portuguese       |
| Araucan          |
| Rapa nui         |
| Arawakan         |
| Caribbean        |
| Chibcha          |
| Creole English   |
| English          |
| Creole French    |
| Hindi            |
| Sranantonga      |
| Goajiro          |
| Warrau           |
+------------------+
21 rows in set (0.00 sec)

---------------------------------------------------------------------------------------------------------------
9. What are the languages spoken on all cities named ‘Barcelona’?

mysql> SELECT language, city.name, country.name FROM countrylanguage
  -> JOIN city ON countrylanguage.countrycode = city.countrycode
  -> JOIN country ON city.countrycode = country.code
  -> WHERE city.name = 'Barcelona';
+----------+-----------+-----------+
| language | name      | name      |
+----------+-----------+-----------+
| Basque   | Barcelona | Spain     |
| Catalan  | Barcelona | Spain     |
| Galecian | Barcelona | Spain     |
| Spanish  | Barcelona | Spain     |
| Goajiro  | Barcelona | Venezuela |
| Spanish  | Barcelona | Venezuela |
| Warrau   | Barcelona | Venezuela |
+----------+-----------+-----------+
7 rows in set (0.01 sec)